turn,presenter,content
1,蔡英文,"主持人 ， 監察人 ， 親民黨 的 候選人 宋 先生 、 國民黨 的 候選人 韓 先生 ， 我們 電視機 前 的 觀眾 朋友 ， 還 有 我們 看 線上 直播 的 朋友 ， 全體 國人 同胞 ， 大家 午安 ， 大家 好 。 
 在 今天 的 第一 輪 的 政見會 ， 我 想要 談 一下 台灣 的 經濟 。 
 在 上 週 的 政見會 裡 ， 韓 市長 曾經 提到 世界 忘記 了 台灣 ， 那 我 有 提醒 他 ， 事實 上 是 他 自己 忘記 了 世界 。 世界 不可能 忘記 台灣 ， 也 不會 忘記 台灣 。 因為 台灣 確實 是 一 個 很 重要 的 國家 。
 我們 是 全 世界 第21 大 的 經濟體 ， 也 是 第18 大 的 貿易 國家 。 國際 半導體 供應鍊 也 是 以 我們 為 核心 的 基地 ， 國際 經濟 論壇 曾經 肯定 我們 是 4 大 創新 王國 ， 而 我們 總體 經濟 的 穩定度 也 是 世界 第一 名 。
 台灣 正在 大海 裡面 乘風破浪 、 勇往直前 ， 韓 市長 卻 坐 在 浴缸 中 把 它 當作 是 大海 。 
 韓 市長 曾經 批評 台灣 經濟 不 好 ， 對 很多 統計 數據 的 解讀 確實 令 人 不解 ， 甚至 覺得 不 知 其 所以 。 
 譬如 提到 30 歲 以下 的 人 可 支配 所得 比 20 年 前 差 ， 可是 可 支配 所得 最 低 的 時候 是 在 國民黨 執政 的 8 年 期間 ， 這 幾 年 因為 經濟 好轉 ， 再 加上 我們 加薪 減稅 ， 各 項 補助 的 措施 ， 30 歲 以下 的 可 支配 所得 已經 逐漸 上升 。 從 另外 一 個 標準 來 看 ， 實質 總薪資 在 我們 執政 期間 ， 成長 幅度 遠遠 超過 前 一 個 政府 執政 的 8 年 ， 即使 加上 通貨膨脹 的 因素 ， 仍 超過 20 年 前 的 水準 。 
 韓 市長 也 提到 今年 的 前 三 季 上市 公司 收益 衰退 ， 這 也 是 錯誤 解讀 。 今年 前 三 季 ， 上市 公司 稅 前 淨利 是 1.4兆 元 ， 是 歷史 上 第三 高 。 歷史 上 的 第一 高 在 前年 ， 歷史 上 的 第二 高 在 去年 ， 歷史 上 的 前 三 高 都 是 在 我 總統 任內 。 
 韓 市長 也 說到 ， 今年 10月 連續 12 個 月 出口 負成長 ， 景氣 黃藍燈 ， 但是 在 美 中 貿易戰 的 影響 之下 ， 全 世界 所有 國家 受 的 影響 ， 我們 頂住 壓力 ， 在 四小龍 之中 表現 最好 ， 更何況 11月 的 出口 已經 是 正成長 3.3% ， 我們 出口 表現 相對 抗跌 ， 加上 台商 、 外商 看好 台灣 ， 持續 加碼 投資 台灣 ， 第三 季 的 經濟 成長率 已經 達到 2.99% ， 比 韓國 、 新加坡 、 歐盟 、 美國 、 日本 還要 好 ， 這 充分 展現出來 台灣 經濟 的 韌性 。 
 韓 市長 對 經濟 比較 沒有 涉獵 ， 因此 很 倚重 您 的 國政 顧問團 ， 不過 您 的 顧問團 就 是 當年 的 「 633 團隊 」 。 2016年 他們 把 政府 交給 我 的 時候 ， 是 經濟 連 3 季 的 負成長 ， 全 年 保一 都 有 問題 ， 我 接手 到 現在 連續 14 季 正 成長 ， 未來 還 會 繼續 成長 ， 我們 從 四小龍 的 最後 一 名 ， 現在 已經 是 第一 名 了 。 
 韓 市長 還是 沿用 舊 的 團隊 、 舊 的 模式 ， 我 實在 不 知道 說 ， 台灣 人民 要 如何 來 發 大 財 。 
 我們 再 來 談談 區域 經濟 整合 ， 韓 市長 提到 RCEP 和 CPTPP 的 事情 ， 我 要 特別 說 ， 中國 不斷 阻擾 我們 參加 國際 社會 ， 這 一 點 我 想 韓 市長 也 都 很 清楚 ， 就算 接受 所謂 的 九二 共識 ， 中國 也 不會 住手 ， 這 件 事情 我們 不要 太 天真 以 對 。 
 至於 我們 尋求 參與 CPTPP 的 努力 從來 沒有 停止 過 ， 相信 以 台灣 經濟 自由化 程度 ， 我們 是 有 機會 參加 CPTPP 的 第二 輪 談判 。 
 韓 市長 不斷 地 說 沒有 參與 這些 區域 經濟 整合 就 無法 享受 關稅 優惠 、 因此 沒有 未來 ， 我 要 告訴 韓 市長 ， 這 點 是 錯 的 。 台灣 出口 主力 是 資通訊 產品 ， 因為 我們 是 WTO 會員 ， 也 簽署 ITA 協定 ， 也 就 是 資訊 科技 協定 ， 所以 相關 的 資通訊 產品 都 免 關稅 。 因此 ， 我們 對 RCEP 國家 出口 有 七成 以上 免 關稅 ， 對 CPTPP 國家 有 八成 以上 免 關稅 ， 作為 一 個 總統 候選人 ， 應該 要 有 這樣 的 基本 認知 。 再 加上 我們 仍然 和 幾 個 國家 有 FTA ， 所以 我們 出口 總值 的 六成 是 免 關稅 。 
 因為 政治 的 因素 ， 我們 一時 沒有 辦法 加入 區域 經濟 整合 、 簽署 FTA ， 當然 是 一 種 遺憾 ， 但 這 不 是 世界 的 末日 ， 全力 突圍 才 是 關鍵 。 在 美 中 貿易 衝突 當中 ， 台灣 的 表現 比 簽署 了 許多 FTA 的 其他 國家 ， 其實 我們 表現 還 更 好 ， 可以 看出 台灣 經濟 韌性 ， 你 居然 把 台灣 跟 北韓 相比 ， 這 是 非常 錯誤 類比 。
 台灣 經濟 的 韌性 不 是 因為 運氣 好 ， 而是 因為 這 幾 年 政府 在 變動 局勢 當中 抓住 了 對 的 方向 。 為了 讓 我們 台灣 的 經濟 走向 世界 ， 未來 我們 還 要 做 很多 努力 ， 首先 要 持續 強化 台灣 跟 其他 國家 的 經貿 關係 的 連結 ， 我們 和 新南向 國家 最 大 的 兩 個 經濟體 印度 跟 越南 ， 最近 都 簽署 了 新版 投資 保障 協定 ， 未來 我們 會 跟 更多 國家 簽署 類似 協定 。
 最近 美國 眾議院 也 有 高達 161 位 眾議員 致函 美國 的 貿易 代表 ， 呼籲 啟動 台 美 雙邊 貿易 協定 談判 ， 我們 將 持續 努力 ， 希望 不久 的 將來 可以 啟動 台 美 雙邊 貿易 談判 。 我們 對 新南向 國家 要 建立起 新 的 供應鏈 關係 ， 台商 投資 當地 開始 生產 也 必然 會 向 台灣 進口 零組件 ， 也 會 帶動 台灣 出口 成長 。 
 在 經濟 發展 方面 ， 我們 在 2016年 所 啟動 的 新 經濟 發展 模式 ， 我們 要 推出 2.0 版 ， 我們 也 規劃 了 1 個 落實 、 6 個 目標 。 1 個 落實 是 ， 我們 會 全力 落實 這 波 投資潮 所 帶來 的 兆元 投資 ， 這些 投資 將 會 帶來 強勁 的 成長 動能 。 投資 台灣 三 大 方案 以及 境 外 資金 回來 ， 明年 預計 總投資 會 破兆 ， 再 加上 我們 半導體 大廠 的 擴建 ， AIoT 、 AI 、 以及 5G 等 建設 ， 還 有 綠能 、 前瞻 、 都更 、 金融業 升級 等 計畫 ， 預計 會 帶來 高達 六億 元 投資 ， 未來 台灣 絕對 是 投資 大 爆發 ， 也 將 會 有 強勁 的 成長 動能 。
 我們 對 未來 經濟 成長 六 個 目標 ： 
 第一 ， 強化 AIoT 、 AI 跟 5G 的 應用 ， 將 台灣 打造為 亞洲 高階 製造 跟 研發 的 中心 。
 第二 ， 我們 要 全力 研發 綠能 產業 ， 讓 台灣 成為 亞洲 綠能 產業 領頭羊 ， 也 讓 台灣 成為 綠色 供應鏈 最 重要 核心 。 
 第三 ， 我們 會 適度 放寬 金融 法規 ， 開放 更多 財富 投資 商品 、 引來 更多 金融 人才 、 吸引 更多 資金 到 台灣 ， 把 台灣 發展成 亞洲 金融 、 資金 調度 及 高階 資產 管理 中心 。
 第四 ， 未來 會 成立 國家 融資 保證 機制 ， 解決 融資 和 財務 的 困難 ， 順利 地 完成 重大 的 投資 計劃 。
 第五 ， 我們 對於 未來 產業 最 需要 的 人才 ， 會 用 更 好 的 制度 吸引 更多 國內外 優秀 人才 集結 在 台灣 。
 第六 ， 不僅 促進 經濟 發展 ， 更 要 進一步 落實 分配 正義 ， 讓 經濟 發展 的 果實 全民 可以 一起 共享 。 除了 加薪 、 減稅 、 強化 長照 幼托 ， 我們 還 要 透過 更 多元 的 社會 照顧 來 減輕 生活 負擔 。 
 我們 有 信心 ， 我們 所 做 的 規劃 與 落實 ， 會 鞏固 未來 20 年 的 經濟 發展 ， 這 就 是 台灣 的 未來 。 我們 也 期待 選民 可以 給 我們 的 努力 給予 肯定 ， 在 1/11 投票 給 英德配 ， 謝謝 。"
1,韓國瑜,"謝謝 。 主持人 、 蔡英文 總統 、 宋 主席 ， 各位 電視機 前面 的 觀眾 朋友 、 網路 上 前面 的 各 位 好朋友 ， 大家 好 。
 今天 是 聖誕節 ， 祝 大家 聖誕 快樂 ， 我 是 韓導 ， 祝 大家 平平安安 。 
 剛剛 聽到 蔡英文 總統 講 得 洋洋灑灑 ， 我 心 中 剎那間 充滿 著 感動 ， 但是 我 必須 提醒 蔡英文 總統 ， 講 了 這麼多 亮麗 的 數字 、 這麼多 傲人 的 成就 ， 台灣 經濟 似乎 在 您 領導 之下 利多 長紅 。 
 果真如此 ？ 妳 領導 第一 年 ， 2016年 ， 台灣 人民 的 「 苦 」 ， 用 一 個 字 表達 ， 應該 轉化為 甜美 的 「 甜 」 ； 妳 領導 的 2017年 ， 台灣人 用 一 個 字 代表 心聲 ， 茫然 的 「 茫 」 ， 這 個 字 應該 轉化為 快樂 的 「 樂 」 ； 妳 領導 的 第三 年 ， 2018年 ， 台灣 人民 用 翻轉 的 「 翻 」 ， 照 妳 的 數字 ， 我們 應該 轉化為 笑咪咪 的 「 笑 」 ； 2019年 ， 台灣人 用 一 個 字 表達 當前 的 現況 — — 「 亂 」 、 亂七八糟 的 「 亂 」 ， 照 妳 的 亮麗 的 數字 ， 應該 轉化為 快樂 的 「 樂 」 。 
 為什麼 四 年 妳 的 執政 ， 台灣 人民 用 四 個 字 — — 「 苦 」 、 「 忙 」 、 「 翻 」 、 「 亂 」 ？ 照 妳 剛才 的 數字 ， 是 「 甜 」 、 「 爽 」 、 「 笑 」 、 「 樂 」 。 
 親愛 的 台灣 同胞 ， 在 蔡英文 總統 所 報告 的 數字 下 ， 充滿 著 太多 不 真實 。 不 客氣 地 說 ， 我 認為 很多 蔡英文 總統 可能 本身 可能 都 是 狀況 外 。 
 上 個 禮拜 ， 政見會 我 提出 「 特偵組 」 ， 全 國 一 片 佳評 如 潮 ， 我 到 了 任何 地方 大家 都 說 「 趕快 成立 特偵組 」 ， 到 現在 為止 ， 妳 都 還 沒有 表態 「 要不要 立刻 推動 成立 特偵組 」 。 
 人 民民 心思 變 ， 人民 妄自 心切 ， 台灣 人民 痛恨 貪官污吏 。 
舉 很 簡單 兩 個 例子 ， 我 都 不 太 願意 講 ， 對 政治 人物 我 都 不 太 願意 講 這些 話 。 
 妳 行政院長 蘇貞昌 院長 當 縣長 ， 家 裡 180萬 失蹤 、 被 偷 了 ， 不 報案 ？ 他 現在 是 行政院長 ， 假設 有 特偵組 要不要 查 ？ 為什麼 不 報案 ？ 妳 的 陳明文 現任 立法委員 在 高鐵 掉 了 三百萬 ， 不 報案 ？ 大家 太多 懷疑 了 。 妳 的 風力 發電 ， 一 度 電 兩 塊 二 ， 為什麼 妳 的 風力 發電 要 五 塊 八 ？ 為什麼 台灣 人民 家庭 每 個 人 要 支出 60萬 以上 要 付 這 個 電費 ？ 這 裡面 有沒有 勾結 ？ 誰 能夠 忍受 ？ 特偵組 要不要 設立 ？ 請 妳 明確 表態 。 
 今天 台灣 的 危機 在 哪裡 ？ 各位 親愛 的 台灣 同胞 ， 內行人 看門道 ， 外行人 看熱鬧 。 真的 ， 大家 把 眼睛 打開 一點 、 看清楚 一點 ， 就 會 發現 台灣 此時 此刻 真正 的 危機 ， 在於 五 個 字 ： 「 蔡 英文 總統 」 。
 「 蔡英文 」 三 個 字 完全 沒有 問題 ， 是 個 單純 的 、 健康 的 ， 而且 ， 自己 過 著 自己 的 日子 、 過 得 非常 小 確幸 的 生活 ， 沒有 問題 ， 喝喝 紅酒 、 吃吃 法國 菜 、 愛愛 寵物 、 跟 朋友 聊聊天 ， 都 沒有 問題 ， 「 蔡英文 女士 」 沒有 問題 ， 加 了 「 總統 」 這 兩 個 字 就 出 了 大 問題 。 
 今天 「 蔡 英文 總統 」 是 「 單純 的 『 蔡英文 』 」 ， 加上 「 被 架空 的 『 總統 』 」 。 因為 被 架空 ， 所以 是 無能 的 總統 ， 這 是 台灣 真正 的 危機 。 
 總統府 被 誰 架空 ？ 被 總統府 秘書長 陳菊 架空 ， 妳 能 進入 情況 嗎 ？ 
 行政院 被 誰 架空 ？ 現任 行政院長 蘇貞昌 把 妳 架空 。 蘇貞昌 用 任何 內閣 人士 有 照會 妳 嗎 ？ 發布 國營 事業 董事長 有 照會 妳 嗎 ？ 有 尊重 妳 嗎 ？ 發布 這麼多 銀行 董事長 ， 有 尊重 妳 嗎 ？ 
 今天 我們 國家 的 危機 ， 在於 我們 的 總統 是 被 架空 的 ， 是 無能 的 。
 我 知道 蔡英文 總統 一定 不 服氣 ， 馬上 就 會 提出 反駁 。 
 我 不 客氣 地 說 ， 如果 妳 不 是 一 個 無能 被 架空 的 總統 ， 妳 自己 用 的 行政院 院長 賴清德 ， 為什麼 會 出來 跟 妳 選 總統 ？ 為什麼 ？ 
 因為 他 看到 了 ， 看到 台灣 在 快速 地 沉淪 ， 他 受不了 ， 他 有 理想 ， 他 決定 出來 跟 妳 放手一搏 ， 結果 他 民調 領先 20% ， 被 妳 的 網軍 活活 打死 。 
 妳 用 的 行政院長 出來 跟 妳 選 總統 ， 妳 的 面子 往 哪裡 放 ？ 
 因為 很 清楚 ， 台灣 在 落後 ， 台灣 在 混亂 ， 我們 的 總統 被 包圍 了 ， 我們 的 總統 被 貪官污吏 跟 派系 包圍 了 ， 我們 的 總統 沒有 能力 看穿 這 個 現況 ， 沒有 辦法 改變 它 ， 因為 我們 總統 她 活 在 自己 的 圈子 裡 。 
 為什麼 民進黨 派系 這 次 瘋狂 出來 幫選 總統 ？ 因為 在 妳 領導 之下 ， 大家 可以 吃香喝 辣 ， 妳 的 團隊 可以 大 貪 特 貪 哪 ， 妳 不 管 他們 哪 ， 妳 被 架空 了 啊 ， 這 是 真正 的 危機 啊 。 
 妳 剛才 講 了 這麼多 的 數字 ， 我 不一一 反駁 。 
 為什麼 ？ 人民 的 心 是 苦 的 ， 妳 的 團隊 根本 沒有 把 心思 放 在 台灣 人民 身 上 。 
 妳 的 領導 團隊 每 天 都 顧 自己 口袋 的 錢 夠不 夠 、 權力 夠 不 夠 ， 這 需要 韓國瑜 講 嗎 ？ 
 妳 民進黨 創 黨 的 大老 都 看 不 下去 了 ， 陳水扁 怎麼 講 你們 民進黨 執政 ？ 陳水扁 說 妳 是 整 碗 捧 去 ， 妳 自己 民進黨 前 副總統 呂秀蓮 怎麼 講 妳 今天 民進黨 ？ 已經 墮落 了 ！ 「 民主進步黨 」 這 五 個 字 ， 誰 取 的 名字 ？ 我 「 韓國瑜 」 是 我 爸爸 媽媽 取 的 名字 ， 「 民主進步黨 」 誰 取 的 名字 ？ 前 立法委員 林政傑 ， 他 也 看 不 下去 啦 ， 民進黨 在 墮落 啊 ， 為什麼 墮落 ？ 因為 妳 總統 被 架空 了 啊 。
 妳 已經 沒有 辦法 真正 地 以身作責 而且 分出 善良 跟 邪惡 的 人 ， 妳 已經 無法 創造 一 個 有 效率 清廉 的 團隊 ， 這 是 台灣 的 危機 。 
 為 人君 ， 為 人主 ， 一旦 被 蒙蔽 了 眼睛 、 堵住 了 耳朵 ， 妳 講 再 多 美麗 的 文字 也 沒有用 。
 真實 的 台灣 人民 現在 過 得 就是 這麼 苦 ， 還要 舉例 嗎 ？ 
 妳 提名 的 監察 委員 陳師孟 ， 敢 對 法官 直接 約談 ， 妳 一 個 字 不 講 。 
 妳 民進黨 用 納稅人 的 錢 ， 建構 了 網軍 楊蕙如 ， 幾乎 謀殺 了 一 個 外交官 ， 不 是 逼死 ， 是 謀殺 了 一 個 中華民國 外交官 ， 而且 是 處長級 ， 妳 一 個 字 不 講 。 
 妳 用 納稅人 的 錢 建立 網軍 ， 用 網軍 1450 帶 風向 、 黑 資料 ， 居然 第一 次 政見會 拿 這些 網軍 資料 來 質疑 我 韓國瑜 ， 妳 今天 建立 網軍 是 199 要 吃 到 飽 是 不 是 ？ 到處 都 要 吃 是 不 是 ？ 
 所以 今天 ， 各位 親愛 的 台灣 同胞 ， 我 不 否認 蔡英文 總統 是 個 單純 的 人 ， 可能 也 是 一 個 善良 的 人 ， 但是 今天 蔡英文 總統 沒有 辦法 再 領導 這 個 國家 ， 否則 今天 的 台灣 應該 是 在 您 剛剛 所 說 的 這些 數字 的 表現 之下 ， 全 台灣 今天 是 一 片 歡樂 ， 台灣 人民 在 妳 當前 四 年 有 效率 領導 下 是 安居樂業 ， 台灣 人民 是 充滿 著 信心 ， 周邊 的 國家 沒有 人 會 像 現在 這樣 那麼 看不起 我們 ， 都 認為 會 對 台灣 豎 一 個 大拇指 。 
 妳 到 現在 還 沒有 看出 問題 ， 不 客氣 地 說 ， 台灣 真正 的 危機 ， 各位 親愛 的 台灣 同胞 ， 我們 的 總統 被 架空 ， 因為 被 架空 ， 很多 都 狀況 外 ， 因為 狀況 外 ， 放縱 她 的 派系 ， 真的 是 在 吃 台灣 人肉 、 喝 台灣人 血 ， 大撈 特撈 、 大 貪 特 貪 ， 然後 ， 所有 責任 由 總統 蔡英文 一 個 人 扛 。 這 是 今天 的 領導 ， 妳 沒有 辦法 用到 優秀 的 人才 ， 公正 不 阿地 、 有 效率 地帶 台灣人 走下去 ， 如果 繼續 給 妳 連任 ， 妳 這些 派系 ， 靠 妳 吃 喝 的 派系 ， 繼續 殘害 台灣 人民 ， 繼續 大撈 特撈 。 
 親愛 的 台灣 同胞 ， 請 擦亮 眼睛 ， 再次 祝福 大家 聖誕 快樂 ， 謝謝 。"
1,宋楚瑜,"主持人 、 監察人 、 兩 位 候選人 、 海內外 的 同胞 、 各位 鄉親 ， 大家 好 。
 今天 是 耶誕節 ， 也 是 中華民國 行憲 紀念日 ， 首先 祝福 各位 鄉親 耶誕節 快樂 ， 也 祝福 我們 中華民國 行憲 順利 。 
 我們 剛剛 聽到 這 兩 位 候選人 的 談話 ， 我 就 想到 上 一 次 在 政見 發表會 的 時候 ， 我 特別 提醒 我們 台灣 要 注意 全 世界 2020年 將 有 重大 變化 。 
 四 個 最 重要 的 發生 的 事情 會 發生 。 簡言之 ， 就 是 中國 、 日本 、 美國 ， 這 三 個 世界 的 超強 ， 再 合縱 連橫 ， 而 世界 的 重大 的 這些 變化 將 會 對 台灣 有 什麼 影響 ？ 
 聽到 剛剛 他們 兩 位 的 談話 ， 兩 個 重點 ， 那 就 是 蔡 總統 特別 談到 了 ， 台灣 的 經濟 ， 她 的 政績 不錯 ， 但是 我 特別 要 提出來 的 ， 我們 必須 要 從 高 來 看 ， 這 三 個 重要 國家 的 互動 ， 合縱 連橫 ， 對 台灣 沒有 影響 嗎 ？ 蔡 總統 只 談到 個別 這些 國家 的 細節 ， 沒有 談到 大 形式 的 變化 對 台灣 的 衝擊 。 
 沒有 穩定 的 兩岸 關係 ， 我們 台灣 能 突圍 嗎 ？ 我們 沒有 看到 美國 、 日本 跟 大陸 之間 的 這些 微妙 的 變化 ， 我們 能夠 做 相同 的 因應 嗎 ？ 
 我 在 講 這 個 之前 ， 我 又 想到 剛剛 韓 市長 所 談到 的 ， 那 就 是 民進黨 這些 許許多多 讓 人民 詬病 的 許多 的 事情 。 
 我 想 ， 我 不必 在 這邊 重複 地 把 他 所 說 的 ， 民進黨 內部 的 這些 派系 ， 這些 許許多多 讓 人民 詬病 的 問題 再 來 說 。 但是 看到 這 兩 位 的 針鋒相對 ， 讓 我 一 開始 的 時候 ， 我 要 跟 我們 的 鄉親 來 說 ， 總統 跟 行政院長 不同 ， 總統 最 大 的 職責 就 是 為 國家 樹立 典範 ， 國家 的 領導 應該 為 人民 帶來 更 大 的 人心 安定 ， 讓 人民 對 未來 充滿 希望 。 
 在 這 個 地方 我 特別 要 跟 這 兩 位 候選人 談談 政治 的 本質 。 
 政治 的 本質 其實 就 是 人性 的 關懷 。 
 我 有 三 位 朋友 ， 就 像 剛剛 ， 國民黨 跟 民進黨 的 兩 位 候選人 ， 在 那邊 互相 指責 ； 我 三 位 朋友 ， 一 位 是 已經 過世 的 李敖 先生 ， 一 位 是 台灣 的 曼德拉 — — 施明德 先生 ， 一 位 是 曾經 在 黨 外 時期 對 我們 民主 開放 有 重大 貢獻 的 張俊宏 先生 。
 我們 本來 都 是 站 在 政治 的 對立面 ， 但是 奇妙 的 是 ， 我們 卻 成為 彼此 相惜 的 朋友 。 是 的 ， 作為 國家 領導人 ， 如果 迷失 了 初心 ， 為 了 奪取 權力 ， 不惜 以 操縱 族群 對立 ， 對 人民 進行 情緒 的 勒索 為 代價 ， 即使 得到 了 ， 又 只是 最 徹底 的 失去 。 
 政黨 的 輪替 本來 就 是 民主 社會 的 常態 ， 做 不 好 本來 就 應該 下台 ， 政治 的 領導人 贏得 選舉 ， 上台 掌握 權力 ， 但 在 掌握 權力 的 過程 中 是 不 是 懂得 權力 的 自我 節制 ， 那 就 決定 下台 時 的 身影 。 
 我 完全 不能 懂 ， 為什麼 藍 的 做 不 好 就 只 能 換 綠 的 、 綠 的 做垮 了 再 換藍 的 。 
 別的 不 說 ， 韓 市長 說 的 那些 事情 ， 蔡 總統 心 裡 都 有數 。 但是 我 特別 要 說 ， 民進黨 準備 強行 通過 的 反 滲透法 ， 蔡 總統 ， 我 特別 提醒 ， 妳 應該 也 要 有 權力 的 自我 節制 ， 不能 只有 選舉 的 算計 。 
 沒有 經過 行政 部門 跟 立法院 的 委員會 討論 ， 就 公開 要求 立法院 在 12/31 要 完成 反 滲透法 ， 完全 違反 了 程序 正義 ， 這 是 一 不可。
 我們 在 大陸 有 兩百多萬 的 台商 ， 同時 有 宗教 和 旅遊 的 交流 ， 有 這麼多 的 人 ， 讓 他們 如果 查證 不實 ， 人人自危 ， 影響 政府 的 威信 ， 這 是 二 不可。
 最 重要 的 ， 國家 當然 要 有 安全 ， 但是 ， 我們 民主 的 常規 必須 要 依照 新 的 民意 來 決定 我們 重大 的 立法 政策 。 如果 我們 的 總統 無視於 憲政 分權 跟 民主 正常 運作 的 規範 ， 這 跟 69年 以前 美國 的 麥卡錫 主義 沒有 兩樣 。
 麥卡錫 主義 就 是 美國 的 共和黨 為 了 打擊 民主黨 ， 逞 一時 之 快 ， 而 成為 美國 民主 的 汙點 。 我們 過去 有 一 個 線 上 的 角色 扮演 的 遊戲 ， 叫做 魔獸 世界 ， 非常 好玩 。 當 魔獸 世界 在 台灣 的 現實 社會 中 出現 ， 政治 的 魔獸 完全 控制 了 五 院 、 媒體 、 網軍 而 變成 超級 的 政治 魔獸 ， 這 種 外掛 好玩 嗎 ？ 應該 存在 嗎 ？ 藍 綠 輪流 做莊 ， 執政 而 不 負責任 ， 一但 集五權 加上 媒體 網軍 於 一 身 的 超級 總統 出現 的 時候 ， 中華民國 就 會 像 魔獸 世界 ， 當 民主 變成 專權 ， 台灣 沒有 了 民主 ， 顧 的 到底 是 誰 的 主權 ？ 我 這樣 說 ， 請問 蔡 總統 您 能 理解 嗎 ？ 韓 市長 您 能 聽 得懂 嗎 ？ 
 台灣 的 人民 啊 ， 我們 不必 再 仰視 權力 ， 因為 對 執政 者 的 殘忍 ， 才 是 公民 社會 偉大 的 象徵 。 
李敖 說 得 很 好 ， 他 說 ， 民主 是 一 個 圈套 ， 給 你們 自由 選擇 領導人 的 權力 ， 但是 只是 給 你 一 堆 混蛋 讓 你 選 ， 你 可以 把 一 個 很 大 的 混蛋 趕 下台 ， 接著 再 把 一 個 沒有 長大 的 混蛋 選上去 ， 而 影響 我們 公共 的 生活 的 問題 依然 一 大 堆 。 
 李敖 先生 這 句 話 ， 實在 發人深省 。 
 請 國民 兩 黨 不要 忽視 沉默 多數 的 力量 ， 也 不要 迷信 權力 的 力量 ， 否則 你們 終 將 被 權力 所 反噬 。 
 蔡 總統 ， 作為 一 個 國家 的 領導人 必須 具有 高度 ， 他 的 責任 是 團結 人民 ， 不 是 分化 內部 ， 如果 為 了 確保 權力 ， 不惜 操弄 統獨 對 人民 進行 情緒 勒索 ， 只要 是 不同 意見 的 就 被 貼上 「 中共 同路人 」 的 標籤 ， 把 自己 的 同胞 製造成 敵人 ， 內鬥 之餘 ， 還 有 時間 精力 去 解決 國家 真正 的 問題 嗎 ？ 而 另外 一方面 ， 如果 只 會 慷慨 地 大喊 「 中華民國 萬歲 」 ， 然後 去 嘲笑 、 指責 、 或者 出征 那些 不 跟 著 一起 喊 的 人 ， 韓 市長 ， 以牙還牙 充滿 情緒 能 解決 問題 嗎 ？ 能 讓 人民 放心 地 把 政府 的 權力 交到 你 手 上 嗎 ？ 
 我 曾經 多 次 地 強調 ， 政治管 三 件 事 ： 決定 政策 方向 、 決定 資源 分配 、 決定 用人 。 
 政治 是 高度 專業 ， 政治 所 管 的 三 件 事情 ， 說起來 很 簡單 ， 但是 一旦 擁有 絕對 的 權力 ， 你 知道 誘惑 有 多 大 嗎 ？ 用人 不能夠 限於 政黨 ， 資源 分配 不能夠 受制於 派系 ， 沒有 強大 內心 的 自我 期許 就 不能 堅持 方向 。 
 蔡 總統 ， 我 必須 坦誠 地 講 ， 妳 確實 被 這些 派系 綁架 ， 讓 派系 去 決定 政策 的 分配 ， 這些 人 嚴重 地 影響 妳 政策 的 走向 。 
 我 這樣 說 ， 請問 蔡 總統 妳 理解 嗎 ？ 韓 市長 您 聽 得 懂 嗎 ？ 
 我們 在 今天 行憲 紀念日 ， 珍惜 台灣 真正 有 民主 ， 而 讓 每 一 個 人 不 受 任何 政治 給 我們 戴 帽子 ， 謝謝 大家 。"
2,蔡英文,"謝謝 主持人 。
 剛才 仔細 聆聽 韓國 瑜 市長 的 說法 ， 其實 跟 上 一 次 政見會 他 講 得 都 差不多 一樣 ， 我 以為 今天 他 會 實實在在 地 說 他 的 政策 ， 結果 沒有 ， 還是 在 講 上 一 次 講 的 、 很多 捕風捉影 的 事情 。 
 我 倒是 要 謝謝 他 肯定 我 是 單純 善良 的 。
 除了 單純 善良 之外 ， 我 想 我 還要 再 說 ： 我 其實 蠻 能幹 的 ， 而且 很 會 做 事 ， 把 2016年 的 經濟 的 頹勢 能夠 翻轉到 今天 我們 變成 四 小龍 第一 名 ， 我 剛剛 講 的 ， 不 就 是 告訴 你 說 ， 這 整 個 翻轉 的 過程 嗎 ？ 
 那 你 說 2016年 的 「 苦 」 ， 那 確實 是 因為 國民黨 執政 末期 的 失能 ； 
 2017年 的 「 茫 」 ， 是 因為 國際 情勢 的 轉變 ， 我們 也 在 進行 很多 的 改革 ； 
 2018年 的 「 翻 」 ， 是 因為 我們 開始 翻轉 了 整 個 的 情勢 ；
 那 2019年 的 「 亂 」 ， 就 是 一 個 背棄 了 承諾 的 市長 跑出來 選 總統 ， 而且 他 的 言論 引起 社會 很多 的 爭論 。 
 那麼 今天 呢 ， 除了 是 聖誕節 、 也 是 行憲 紀念日 ， 也 是 韓 市長 就職 的 一 週年 ， 在 上 禮拜 有 數十萬 人 上 街頭 要 罷免 市長 ， 這 是 創下 台灣 有史以來 的 記錄 。 
 韓 市長 說 過 ， 「 不要 在乎 冷冰冰 的 民調 ， 要 在乎 熱呼呼 的 民心 」 ，
 這 數十萬 人 上 街頭 ， 難道 不 就 是 「 熱呼呼 的 民心 」 嗎 ？ 
 接下來 ， 我 想要 回應 我們 宋 主席 剛才 談 的 「 反 滲透法 」 這 件 事情 。 
 近來 台灣 社會 普遍 對於 中國 全面 滲透 台灣 存在 一 種 恐懼感 ， 希望 政府 拿出 具體 的 作為 ， 但是 政府 要 有所 作為 ， 必須 要 有 法律 根據 。
 反 滲透法 已經 在 立法院 討論 過 一 段 時期 ， 而 這樣 的 立法 很多 的 民主 國家 也 都 在 做 ： 去年 的 六月 ， 澳洲 通過 了 反 外國 干預 法案 ， 英國 政府 也 在 上 個 禮拜 宣布 要 修改 他們 的 間諜法 ， 許多 的 民主 國家 都 在 立法 防堵 中國 越來越 多 的 滲透 和 對 內政 的 干預 。 
 台灣 比 這些 國家 更 直接 面對 中國 的 各 種 威脅 跟 滲透 ， 但是 國內 卻 有 一些 人 把 阻止 我們 建構 民主 防護網 的 這 種 機制 ， 把 它 視為 是 一 種 挑釁 、 把 它 視為 是 一 種 戒嚴 ， 我 覺得 這 都 是 一 個 非常 負面 而 不 可取 的 看法 。 
 我 想 ， 如果 我們 把 我們 要 做 的 反 滲透法 說成 是 挑釁 、 說成 是 一 種 戒嚴 的 話 ， 北京 會 很 欣慰 ， 但 國際 社會 一定 會 覺得 這 是 很 不可思議 的 事情 。 
 政黨 在 國內 競爭 很 正常 ， 但是 在 對 外 的 時候 ， 大家 應該 要 有 一致 的 國家 認同 。
 如果 要 反對 反 滲透法 也 可以 ， 就 請 指出來 我們 這 個 草案 當中 ， 哪 一 個 滲透 的 行為 你 認為 是 不 需要 禁止 的 、 不 需要 處罰 的 ？ 請 具體 地 說明 ， 真的 不要 只有 空洞 的 形容詞 。 
 那 與 其 爭論 要不要 有 這 個 反 滲透法 ， 倒不如 我們 就 具體 的 內容 在 立法院 審議 過程 中 大家 來 好好 的 討論 。 不 需要 有 口水 、 不 需要 扣 帽子 ， 我 相信 在 立法院 只要 大家 坐下來 好好 談 ， 立法院 是 有 足夠 的 時間 跟 空間 來 給 大家 做 充分 的 討論 。 
 接下來 ， 我 要 利用 第二 輪 的 發言 來 談 一下 我 的 能源 政策 。 
 韓 市長 曾經 批評 我 的 能源 政策 是 「 用 肺 發電 」 ， 
 他 還 跟 馬 前 總統 一起 開 記者會 ， 不僅 表示 要 「 重啟 核四 」 ， 還 說 「 政府 蓋風 電廠 要 花 兩兆 、 電價 要 上漲 五成 」 ， 我 要 鄭重 地 告訴 大家 ， 這些 都 是 謠言 。 
 政府 發展 風力 發電 （ 風電 ） ， 不 是 花 兩兆 蓋 電廠 ， 而是 帶動 了 民間 上億 元 的 投資 ， 到 了 2025年 ， 帶動 1.2兆 的 國內 產值 、 2萬 個 就業 機會 。 
 如果 政府 不 買 風電 ， 難道 要 買 更 貴 的 核電 ？ 買 更多 的 火力 發電 嗎 ？ 
 而 綠能 的 成本 會 越來越 便宜 ， 不會 有 兩兆 的 問題 ， 也 不會 造成 電價 大幅 地 上漲 ， 更 別 說漲 五成 了 。
 最近 也 有 一些 報導 在 誤導 大家 ， 以為 歐盟 要 把 核能 納入 在 綠能 ， 其實 歐盟 理事會 已經 澄清 了 ， 他們 只是 尊重 各 國 對於 能源 配比 的 決定 ， 像是 德國 也 重新 宣誓 「 非核 家園 」 的 立場 。 
馬 前總統 曾經 宣示 「 要 在 2015年 完成 國內 第一 座 離岸 風場 」 ， 結果 他 跳票 了 ， 以至於 台灣 的 電力 的 結構 繼續 被 鎖死 在 「 燃煤 」 跟 「 核電 」 裡面 ， 也 繼續 製造 核 廢料 的 難題 。 
 我 做 總統 以後 ， 全力 推動 綠能 的 發展 ， 不管 是 太陽 光電 或者 是 離岸 風電 ， 這 三 年 多 來 都 已經 打下 了 重要 的 基礎 ， 陸續 地 展現出 成績 。 
 太陽 光電 的 裝置量 已經 是 馬 政府 時期 的 將近 三 倍 ， 第一 座 離岸 風電 的 示範 風場 也 已經 完工 、 開始 商轉 ， 國際 上 最 熱門 的 綠能 產業 以及 外資 都 來 台灣 投資 、 甚至 把 台灣 當作 亞洲 綠能 發展 的 樞紐 。 更 重要 的 是 ， 國內 的 綠能 產業 也 開始 站穩 腳步 ， 要 在 將來 有 更 大 的 綠能 需求 當中 去 擴展 我們 在 國際 上 的 市場 。
 我 要 提醒 我 的 對手 ， 特別 是 韓 市長 ， 現在 有 越來越 多 的 國際 的 大 廠牌 、 公司 ， 開始 要求 他們 的 供應鏈 要 用 更多 的 綠 電 ， 
 為什麼 Google 要 在 台南 投資 260億 ， 設置 第二 個 資料 中心 ？ 
 關鍵 的 原因 就 是 因為 台灣 供電 穩定 ， 而 在 綠 電 供應 的 條件 上 ， 我們 勝過 其他 的 競爭 的 國家 。
 這些 國際 品牌 的 綠電 ， 並 不 包括 核電 。
 換句話說 ， 如果 綠電 供應 不 夠 ， 他們 就 不會 選擇 台灣 ， 台灣 就 沒有 國際 競爭力 。 
 我 原先 以為 ， 隨著 國際 局勢 的 變化 ， 國民黨 會 有所 反省 ， 沒想到 韓 市長 和 他 的 團隊 繼續 用 落伍 的 觀念 在 批評 綠能 。
 我 看過 韓 市長 的 2035 計畫 ， 他 甚至 要 到 2025年 之後 才 要 全力 衝刺 綠電 ， 我 幫 韓 市長 算 過 ， 照 你 的 2035 計畫 ， 你 的 核能 至少 要 佔 比 25％ ， 要 達到 這 個 目標 ， 不只 需要 核四 ， 還 需要 核五 、 甚至於 還要 有 核六 ， 等於 台灣 同時 要 有 三 個 全速 運轉 的 核電廠 ， 產生 的 核 廢料 有 多 驚人 、 風險 有 多 大 ， 你 要不要 問 一下 新北 市民 的 意見 呢 ？ 
 核四廠 位在 人口 密集 的 北部 都會區 ， 一旦 發生 事故 ， 後果 不堪設想 。 
 我們 的 能源 政策 ， 不 是 「 用 肺 發電 」 ， 但是 如果 重啟 核四 、 繼續 在 台灣 使用 核電 ， 才 是 「 用 命 發電 」 。 
 韓 市長 的 競選 主任 朱立倫 曾經 說 過 ， 「 核四 根本 不應該 存在 ， 核 廢料 的 處理 一直 是 新北市 的 痛 ， 如果 這 個 問題 無法 解決 ， 憑 什麼 使用 核能 呢 ？ 」 ， 這 段 話 我 完全 同意 ， 我 要 請問 韓 市長 ， 在 主張 「 重啟 核四 」 的 同時 ， 核 廢料 的 問題 有解 了 嗎 ？ 
 我 想 告訴 大家 ， 現在 的 核能 佔 發電 比例 並 不 大 ， 大概 只 佔 10% 左右 ， 並 不 是 那麼 難以 取代 。
 國民黨 執政 時代 的 「 缺 電 」 ， 到 現在 的 「 不 缺 電 」 ， 再 到 「 有 能力 進行 能源 轉型 」 ， 蔡英文 做到 了 。 
 下 一 個 階段 ， 我們 會 繼續 推動 能源 轉型 ， 預計 到 2025年 綠能 發展 會 帶來 上兆 的 商機 ， 創造 超過 三萬 個 工作 的 機會 ， 台灣 會 趕上 綠色 供應 鏈 的 這 一 波 熱潮 ， 成為 亞洲 綠能 發展 典範 。 
 至於 空污 ， 我 要 告訴 韓 市長 ， 因為 國民黨 長期 錯誤 、 而且 怠惰 的 能源 政策 ， 才 會 讓 空污 的 問題 遲遲 沒辦法 解決 ， 現在 國民黨 卻 把 帳算 在 民進黨 身 上 ， 這 是 非常 不 公平 的 。
 2016年 我 一 上任 就 開始 新 的 空污 防治 計畫 ， 這 三 年 半 的 努力 之下 ， 我們 的 國營 事業 、 工業 鍋爐 ， 以及 交通 工具 的 改善 、 減排 ， 投入 了 大量 補助 ，
 我 知道 我們 還可以 做 得 更 好 ， 我們 也 會 做 得 更 好 ， 但是 請 國民黨 不要 忘記 ， 空汙 最 嚴重 的 就 是 在 國民黨 執政 的 時候 。 
 我們 可以 接受 檢驗 ， 不過 我 要 提醒 國民黨 ， 批評 之前 要 想想 自己 以前 的 表現 。 
 韓 市長 最 喜歡 拿 火力 發電 的 空汙 來 質疑 我們 ， 不要 忘 了 ， 中火 的 十 部 發電 機組 ， 全部 是 國民黨 決定 要 蓋 的 。
 中火 燃煤量 最 大 的 時候 是 在 2014 和 2015年 ， 一 年 都 在 1800萬 噸 左右 ， 
 你 的 副手 跟 你 的 國政 顧問團 ， 分別 是 當時 的 行政院 副院長 ， 以及 經濟部 部長 跟 環保 署長 。
 那麼 ， 我們 會 持續 進行 空污 的 管控 ， 讓 空污 不 是 台灣 的 負擔 。"
2,韓國瑜,"謝謝 。
 蔡 總統 、 宋 主席 、 各 位 觀眾 朋友 大家 好 。
 剛才 聽到 蔡英文 總統 的 第二 輪 ， 第二 輪 敘述 的 時候 ， 我 覺得 三 點 遺憾 ， 
 第一 ， 特偵組 到底 成立 不 成立 ？ 要不要 嚴厲 懲罰 貪官污吏 ， 到 現在 還 沒有 表態 ， 因為 太 重要 ， 我 必須 再 提醒 一 次 。 蔡英文 總統 要不要 重啟 特偵組 ， 應該 很 清楚 告訴 台灣 人民 。 
 第二 ， 數十萬 民眾 到 高雄 罷免 市長 韓國瑜 ， 台灣 民主 自由 可貴 在 這裡 。 重點 ， 也 要 提醒 台灣 同胞 跟 高雄 市民 朋友 ， 這 是 「 罷 韓 」 大 遊行 ， 為什麼 這麼多 外國人 在 裡面 ？ 甚至 還 有 香港人 到 高雄 來 霸韓 ？ 為什麼 有 這麼多 外縣市 的 人 到 高雄 來 罷免 高雄 市長 ？ 民進黨 在 這裡 邊 扮演 什麼 角色 ？ 為什麼 不 是 高雄市 的 市民 才 能 罷免 高雄 市長 ？ 
 如果 一 開始 你們 就 確定 是 「 反 韓 」 大 遊行 ， 我 沒有 話 說 。 
 但是 我 當 市長 不到 兩 個 月 ， 你們 就 開始 搞 罷免 ， 到 最後 ， 這 個 戲 已經 唱 下去 、 沒有 辦法 鬆手 ， 只好 罷 韓 罷 韓 罷 韓 到底 。 因為 實在 高雄 市民 人數 不 夠 ， 只好 把 外國人 跟 香港人 跟 外縣市 的 人 通通 調到 高雄 來 罷免 高雄 市長 ， 現在 妳 再 用 這 個 「 幾十萬 人 上 街頭 」 來 修理 我 ， 妳 開始 就 不 對 了 ， 這 是 嚴重 的 錯誤 ， 這 不 是 民主 的 常態 ， 也 不 是 民主 的 規範 ， 妳 應該 糾正 這些 罷韓 團體 ， 不可以 這樣子 做 ， 這 才 是 總統 的 高度 啊 ！ 反過來 幸災樂禍 ？ 
 第三 ， 「 亂 」 ， 民進黨 執政 了 四 年 ， 妳 現在 把 這 個 「 亂 」 字 是 韓國 瑜出來 ， 妳 是 用 武當派 的 武功 一 把 就 把 他 打回來 是 不 是 ？ 是 妳 在 執政 ， 國家 資源 都 在 民進黨 手 上 ， 人民 都 已經 表達 非常 地 辛苦 、 非常 地 茫然 ， 居然 是 韓國瑜 的 問題 。 
 所以 我 覺得 這 三 大 遺憾 ， 我 覺得 蔡英文 總統 必須 要 再一次 清楚 的 表達 。 
 對於 經濟 問題 ， 未來 我們 經濟 看法 ， 我 的 論點 ， 第一 ， 我 會 成立 中華民國 主權 基金 ， 目前 世界 有 30 個 國家 政府 成立 了 主權 基金 ， 我們 希望 能 在 10兆 左右 的 規模 創建 一 個 中華民國 主權 基金 ， 像 新加坡 大馬錫 、 像 阿布達比 ， 這些 除了 做 全球 產業 佈局 ， 同時 拉動 我們 台灣 內部 的 產業 。 所以 中華民國 主權 基金 ， 我 會 要求 成立 。
 第二 ， 我們 所有 駐外 的 大使館 跟 外貿 協會 的 所有 駐外 的 ， 通通 要 調動 起來 ， 將近 有 兩百 個 單位 合起來 ， 要 執行 一 個 命令 、 任務 ， 「 貨 出 去 人 進來 」 ， 所有 的 大使館 要 跳脫 傳統 政治 學派 ， 評估 一 個 國家 的 政府 、 一 個 國家 的 政黨 、 一 個 國家 的 政策 、 民意 調查 等等 ， 除了 傳統 古典 政治 學派 的 工作 要 做 ， 2020年 開始 ， 所有 中華民國 駐外 大使館 ， 你 要 負責 把 當地 國家 的 觀光客 盡量 帶來 台灣 ， 第二 ， 你 要 負責 把 台灣 美好 的 農產品 、 水產品 、 工藝 產品 以及 科技 產品 等等 ， 有 計畫 地 推銷給 當地國 ， 你 要 執行 「 貨 出 去 人 進來 」 。 這 個 樣子 ， 未來 我們 國家 一 夜 之間 會 多 兩百多 個 拳頭 在 世界 各 地 ， 因為 這些 外交官 現在 沒有 這 個 壓力 ， 未來 外交 要 從 傳統 外交 轉為 經貿 外交 。
 第三 ， 不 適合 的 法令 必須 大幅 地 修改 ， 台灣 一定 要 走 開放 。
 第四 ， 自由 經濟 貿易 區 ， 我 如果 當上 總統 會 先 選 兩 個 區 來 辦 ， 第一 台中 、 第二 高雄 ， 我們 用 「 前 店 後 廠 」 的 概念 ， 大幅 鬆綁 所有 的 法令 ， 讓 人才 、 讓 金融 、 讓 醫療 以及 教育 ， 這些 領域 可以 大幅 地 開放 。
 各 位 台灣 同胞 ， 我們 這 個 法令 不 開放 ， 現在 台灣 最 好 的 餐旅 學校 是 高雄 餐旅 學校 ， 跟 法國 藍帶 合作 ， 合作 完畢 以後 ， 很多 外國 學生 到 了 高雄 讀餐旅 學校 ， 對不起 ， 沒有 文憑 ， 你 不能 拿 文憑 。 第二 ， 你 每 一 個 月 要 出國 一 次 ， 因為 法令 沒 修改 ， 使得 這些 外國 生來 讀書 的 時候 倍感 困擾 ， 讀 一 年 書 要 出國 12 次 ， 這 個 怎麼 得了 ？ 還 沒有 文憑 。 像 這些 法令 都 是 妨害 我們 經濟 發展 非常 重要 的 障礙 ， 我們 必須 趕快 克服 。
 第五 ， 台灣 以 中小企業 為主 ， 約 估 佔 百分之九十五 ， 現在 在 中 美 貿易 大戰 以及 整 個 東南亞 關稅 已經 要 成形 的 狀況 之下 ， 兩岸 之間 ECFA 要 到期 的 狀況 之下 ， 中小企業 非常 害怕 ， 所以 政府 一定 要 支持 銀行 ， 銀行 一定 要 支持 中小企業 ， 中小企業 一定 要 支持 勞工 ， 我們 形成 一 個 善良 的 循環 ， 使得 中小企業 的 勞工 、 中小企業 的 老闆 不用 害怕 ， 請 你 盡量 照顧 勞工 。 今年 ， 在 民進黨 執政 之下 ， 約 估 四萬 家 公司 工廠會 倒閉 ， 現在 開始 很多 無 薪假 都 開始 放 ， 我們 對 未來 勞工 朋友 的 保障 ， 我們 希望 你 在 放 無 薪假 的 時候 我們 可以 讓 你 領到 60% 左右 基本 薪資 ， 讓 勞工 朋友 可以 養家活口 ， 但是 我們 希望 中小企業 能夠 大力 支持 勞工 ， 銀行 也 要 發揮 自己 銀行 的 角色 來 支持 中小企業 ， 政府 來 做 銀行 的 後盾 。 
 再 來 ， 我們 一定 要 讓 台灣 的 服務業 以及 ECFA 明年 到期 之後 ， 我們 要 考量 大陸 市場 佔 40% ， 這 個 市場 我們 絕對 不能 拋棄 。 在 10 年 前 ， 國民黨 跟 大陸 簽訂 這 個 ECFA ， 蔡英文 總統 的 民進黨 怎麼說 ？ 「 這 是 一 個 毒藥 ， 台灣 勞工 的 薪水 會 被 大陸 勞工 拉低 ， 台灣 的 小孩子 將來 要 到 黑龍江 去 打工 」 。 上任 之後 ， 民進黨 要 把 它 廢除 。
 10年 到 了 ， 證明 全部 是 謊言 ， 中國 大陸 佔 台灣 外銷 40% 的 市場 ， 哪 個 國家 敢 放棄 40% 的 市場 ？ 所以 明年 這 個 ECFA 一定 要 簽訂 ， 這 是 不得了 的 ， 五百多 項 的 早 收 清單 的 產品 外銷 中國 大陸 ， 如果 ECFA 沒有 辦法 簽訂 ， 對於 台灣 的 企業 是 致命 的 打擊 。 
 但是 我們 很 清楚 ， 身為 一 個 總統 絕對 不會 把 大陸 市場 當作 是 唯一 的 市場 ， 是 眾多 之 一 ， 而且 是 非常 重要 的 市場 。 這裡 也 要 跟 台灣 同胞 來 報告 ， 我們 一定 要 珍惜 ， 以及 發揮 、 利用 這 個 市場 的 優勢 ， 來 厚植 我們 國家 經濟 實力 。 
 再 來 我 的 副手 ， 非常 感謝 張善政 副總統 候選人 ， 他 再三 提醒 要 把 科技 引進 政府 的 服務 。 當 一 個 社會 快速 進步 ， 科技 產業 快速 進步 ， 結果 政府 沒有 導入 科技 的 這些 成分 在 裡面 ， 政府 會 開始 落後 。 所以 未來 我們 將 會 設立 行政院 創新 委員會 ， 這裡 我們 要 設置 每 一 個 部會 要 設立 一 個 數位 創新長 ， 這 個 把 科技 的 含量 跟 現代 政府 的 服務 把 他 結合 在一起 。 
 至於 推動 工業 製造 的 4.0 ， 大家 都 已經 朗朗上口 ， 至於 促進 半導體 再 升級 ， 也 是 朗朗上口 。
 各位 親愛 的 好朋友 ， 我們 要 思考 政府 到底 是 什麼 角色 。 
 我 時常 走 在 街 上 看到 那 個 「 腰 酸背 痛調 骨頭 」 的 時候 我 就 感慨 很多 ， 我們 背上 這 個 骨頭 啊 如果 是 歪 的 ， 就 會 開始 內臟 不 舒服 、 肌肉 不 舒服 ， 其實 政府 的 角色 跟 這 個 調骨師 完全 沒有 差別 ： 當 我們 發現 水 不 通 ， 政府 按 一 按 ， 水通 ； 銀行 貸款 不 順 ， 我們 拜託 金融界 ； 道路 不 通 ， 道路 ， 按 一下 ， 能源 出 了 問題 ， 我們 把 能源 按 一下 。 當 一 個 政府 創造 一 個 非常 好 的 環境 ， 就 像 一 個 調骨師 的 時候 ， 把 每 一 個 環節 都 調好 ， 親愛的 台灣 同胞 ， 以 台灣人 的 聰明 、 以 台灣人 的 努力 ， 這些 所有 企業 自然 會 飛翔 ， 自然 會 成長 跟 茁壯 。 
 我們 怕 的 是 什麼 ？ 是 當 企業界 快速 進步 ， 而 政府 的 官僚 體系 因為 本位主義 思考 在 那裡 當成 絆腳石 ， 妨礙 了 國家 社會 的 進步 ， 所以 未來 我們 一定 要 建立 有 效率 的 官僚 體系 。 我們 要 告訴 全 中華民國 所有 的 官員 ， 你 一定 要 當 企業界 的 好朋友 ， 你 千萬 不能 高高在上 管制 了 他們 。 
 如果 一 個 政府 跟 企業界 是 共同 成長 ， 我 相信 未來 在 我們 經濟 發展 跟 突破 以及 面臨 這麼多 困難 之下 ， 台灣 的 經濟 發展 一定 會 讓 大家 刮目相看 。 
 再 說 一 次 ， 政府 絕對 不能 當 經濟 企業 的 絆腳石 ， 政府 應該 當作 企業 的 加速器 ， 陪 著 他 一起 成長 一起 衝 ， 這 是 一 個 總統 以及 各 級 領導 的 政務官 最 基本 要 含有 的 觀念 ， 絕對 不能 高高在上 ， 絕對 不能 作威作福 ， 要 幫 人民 要 幫 企業 做 牛 做 馬 ， 帶頭 衝 。 謝謝 大家 。"
2,宋楚瑜,"主持人 、 監察人 、 兩 位 候選人 ， 我 非常 高興 剛剛 聽到 蔡 總統 對於 反 滲透法 首次 做出 的 回應 。 她 特別 提到 可以 在 立法院 好好 地 審議 ， 也 就 是 不能夠 用 多數 暴力 、 強行 通過 ， 而 必須 要 尊重 民主 的 機制 。 蔡 總統 ， 您 還是 現任 的 總統 ， 我 希望 您 下 的 命令 ， 您 所 做 的 決定 ， 您 的 政黨 應該 要 去 尊重 ， 要 去 執行 。
 我們 這 一 次 ， 坦白 講 ， 聽到 剛剛 韓 市長 所 提 的 ， 兩岸 要 多 交流 、 大陸 的 市場 要 尊重 ， ECFA 更 是 一 個 非常 重要 的 機制 ， 那 為什麼 那 個 案子 當時 沒有 好好 通過 ， 就 是 因為 坦白 講 韓 市長 做 了 一 個 很 好 比喻 ， 一 個 政黨 也 好人 也好 ， 骨頭 要 硬 ， 坦白 講 ， 我 必須 要 指出 的 是 過去 許多 國民黨 的 買辦 ， 軟骨病 ， 只 照顧 少數 自己人 而 沒有 好好 地 為 廣大 的 中小企業 讓 他們 能夠 安心 ， 溝通 不但 不足 而且 讓 大家 心 裡面 ， 心 有 很多 淤積 。 
 今天 我們 是 在 參選 總統 ， 總統 就是 國家 的 領導人 ， 如果 臺灣 是 一 條 船 的話 ， 總統 就 是 那 條 船 的 船長 ， 而 這 條 船 的 船長 他 就 是 要 去 把 舵 ， 方向 要 把 得 對 。 
 我 特別 強調 的 是 ， 非常 感謝 蔡 總統 兩 次 讓 我 到 APEC 去 參加 國際性 的 會議 ， 我 非常 深切 的 一 個 感受 ， 現在 要 全 世界 這些 重要 的 經濟體 ， 要 在 大陸 和 臺灣 之間 作 單一 的 選擇 ， 對 臺灣 非常 不利 ， 因此 ， 我 特別 講 了 一 句 話 ， 我 曾經 三 度 希望 做 臺灣 這 條 船長 ， 我 雖然 沒有 做成 ， 我 並 不 希望 船 迷航 ， 更 不 希望 臺灣 這 條 船 沉掉 。 因此 ， 作為 船長 最 重要 的 是 什麼 責任 呢 ？ 那 就 是 要 了 解 風向 、 要 了 解 形勢 ， 國際 的 形勢 ， 不管 你 喜不喜歡 ， 2020年 臺灣 必須 面對 的 處境 ， 就 是 中國 、 美國 、 日本 這 世界 的 三 大 經濟體 ， 在 那邊 重新 做 一些 合縱 連橫 。 
 前 幾 天 我 政大 的 一 位 學弟 問 我 ， 如果 臺灣 的 科技 發達 很 好 ， 如果 能夠 把 這 個 船 啊 、 把 臺灣 這 個 島 東 移 一兩千 公里 ， 跟 美 中 日 這 三 強 都 保持 一 段 距離 ， 會不會 比較 安全 一點 ？ 我 覺得 這 個 問題 很 有意思 。 也許 用 軍事 的 角度 來 說 ， 臺灣 確實 安全 很多 ， 但是 同時 在 經濟 上 ， 臺灣 也 會 少 了 很多 機會 。 
 確實 對 我們 來 說 ， 美 中 日 就 如同 三國演義 的 那 個 下棋 的 賽局 ， 臺灣 目前 除了 我們 政府 之外 ， 民間 企業 就 像 我 剛剛 說 全 世界 其他 國家 一樣 ， 都 面臨 選邊站 的 問題 。 拿 已經 超過 韓國 三星 、 名列 亞洲 第一 大 企業 的 台積電 來 說 ， 目前 是 全球 通吃 的 晶片廠 ， 但是 中美 持續 對抗 的 局勢 下 ， 台積電 會不會 被 逼 著 要 去 選 邊 站 呢 ？ 如果 連 台積電 都 被 逼 得 要 去 選 邊 站 ， 那 台灣 其他 企業 又 怎麼樣 呢 ？ 
 我 這邊 要 提醒 大家 的 是 ， 台灣 過去 總是 覺得 ， 美國 跟 日本 一定 會 站 在 同 一 陣線 ， 別 忘 了 ， 2020年 日本 要 舉辦 東京 奧運 ， 當前 的 國際 形勢 是 美國 不但 要 想 從 日本 撤軍 ， 還 想 跟 日本 收 高額 的 軍費 ， 加上 日本 跟 韓國 關係 越來越 緊張 ， 那麼 在 這 個 時候 ， 明年 2020年 ， 美國 還 有 總統 大選 ， 美國 和 日本 會不會 因此 來 選 邊 站 呢 ？ 
 這 兩 天 中 日 雙方 領導人 在 北京 和 四川 的 成都 會談 不 就 是 一 個 信號 嗎 ？ 中華民國 會不會 因為 藍 綠 政黨 的 各自 偏好 ， 而 站錯 邊 、 倒 了 大 楣 ， 還是 被 邊緣化 呢 ？ 
 所以 中長期 看來 ， 當前 國際 形勢 對 台灣 是 挑戰 也 是 奇蹟 ， 台灣 在 面對 即將 來到 的 科技戰 中 ， 是 左右逢源 的 受益 者 、 還是 左支右絀 的 被 支配 者 ？ 剛剛 完成 的 第一 輪 美 中 貿易 談判 ， 協議 可以 很 清楚 地 了解 ， 中美 不只 只有 存在 對抗 ， 而 他們 還是 有 利益 共生 的 機會 ， 尤其 是 明年 美國 的 大選 ， 川普 也 需要 爭取到 大陸 農產品 市場 來 提昇 他 的 選情 ， 在 這 當中 ， 我們 台灣 的 位置 到底 在 哪裡 ？
 台灣 跟 美 中 日 三 個 經濟體 之間 有 三 個 特點 ， 台灣 跟 美國 中國 大陸 都 有 長期 綿密 的 經貿 往來 ， 臺灣 和 中 日 韓 都 可以 形成 共同 以 東亞 為 核心 的 世界 供應 練 ， 台灣 的 高科技 有 深厚 的 實力 ， 具有 完整 綿密 的 產業 聚落 ， 宋楚瑜 有 信心 ， 也 有 經驗 ， 我 能夠 好好 穩定 兩岸 關係 ， 宋楚瑜 可 信賴 ， 不 爆衝 ， trust wor thy and stable ， 我 會 堅持 中 有 彈性 ， 彈性 中 有 原則 ， 在 美 中 日 三 強 的 博弈 當中 站穩 我們 中華民國 的 位置 。 
 接下來 ， 我 要 談談 我 這 幾 天 特別 強調 台灣 所 面臨 的 六 大 危機 。 
 第一 ， 就 是 劇烈 的 氣候 變化 的 危機 。 政府 除了 要 對 民眾 好好 地 做 一些 正確 的 環保 之外 ， 不管 是 救災 、 防災 、 對 漁民 農民 的 影響 ， 以及 特別 是 我們 國土 規劃 的 上位 關係 ， 用 防災型 都 更 等等 的 方式 ， 好好 處理 我們 劇烈 氣候 變化 危機 。 
 人口 改變 的 第二 個 大 危機 ， 那 就 是 少子化 、 老年化 的 雙重 壓力 ， 導正 我們 扶 老 比例 的 這些 平衡 ， 而 政府 必須 儘速 地 提出 對案 ， 而 這些 分配 資源 不 是 消極 的 社會 福利 ， 而是 更 應該 有 積極 的 人力 資源 的 充分 發揮 。
 第三 個 是 國際 經濟 秩序 調整 的 危機 ， 跟 產業 接軌 的 危機 。 臺灣 在 面對 世界 多邊化 的 雙邊化 經貿 環境 ， 不應該 只有 選邊站 的 想法 ， 我們 必須 如何 怎麼樣 去 布局 ， 跟 世界 去 接軌 ， 但是 根本 之 道 在 自強 。 五缺 的 問題 要 實實在在 地 去 做 ， 不要 把 規劃 變成 鬼話連篇 ， 不要 使 我們 這些 許許多多 傳統 產業 不 受到 保護 ， 讓 失業 成為 我們 社會 的 問題 。 
 第四 是 貧窮 差距 擴大 的 危機 ， 不但 是 今年 世界 諾貝爾 經濟 得獎 的 這些 主要 他們 的 論題 ， 也 是 未來 我們 在 經濟 發展 當中 ， 必須 要 注意 的 均富 和 財富 分配 要 均衡 ， 特別 是 對於 弱勢 族群 、 新 住民 的 生存 ， 尤其 是 讓 他們 的 下 一 代 能夠 得到 好 的 照顧 。 
 最後 也 是 最 重要 的 ， 人文 價值 淪喪 的 危機 。 最近 臺灣 內部 的 暴戾 之 氣 ， 特別 是 對 我們 整體 的 經濟 活動 產生 我們 必須 對 人文 的 關懷 ， 加強 我們 的 倫理 教育 ， 特別 要 重視 傳統 中華 文化 的 敬老 尊賢 的 那些 許許多多 的 核心 價值 ， 讓 我們 每 一 個 人 都 能 享受 我們 安和樂利 社會 。 
 我 常 在 思索 我們 這 一 代 能夠 給 下 一 代 什麼 ？ 簡單 八 個 字 ， [ 變中 求穩 ， 穩中求勝 ]x2 。 
 氣度 決定 眼界 ， 眼界 決定 格局 。 
 親民黨 現在 是 個 小 局 ， 會 幫 大家 創造 中華民國 的 大局 ！"
3,蔡英文,"謝謝 主持人 。 剛才 聆聽 了 韓國瑜 市長 跟 宋楚瑜 主席 的 發言 之後 ， 我 基本 上 認為 剛剛 韓國瑜 所 講 的 事情 其實 對 現實 政府 的 政策 和 運作 ， 並 不 是 有 完整 的 了解 ， 很多 的 事情 事實 上 都 已經 在 做 也 已經 在 處理 了 ， 有 些 數字 確實 跟 現實 差 太 遠 了 ， 他 這些 說法 其實 在 以前 也 說 過 ， 社會 也 給 他 很多 的 指教 ， 可是 好像 都 沒有 反應 在 他 今天 所 發表 的 政見 裡面 。 
 那麼 其次 我 要 謝謝 宋楚瑜 主席 在 過去 兩 次 擔任 我 的 總統 特使 ， 參加 APEC 的 會議 ， 這 是 一 個 民主 國家 的 典範 ， 也就是說 ， 我們 兩 次 三 次 共同 競逐 總統 的 這 個 情況 底下 ， 我們 還可以 合作 一起 來 對 外來 展現 台灣 的 利益 ， 那 我 相信 這樣 的 精神 我們 會 持續 下去 。 
 至於 在 今天 政見 發表會 的 第三 輪 ， 我 想 談 一下 司法 的 議題 跟 司法 的 改革 。 
 那麼 韓國 瑜 市長 跟 國民黨 最近 攻擊 民進黨 干預 司法 、 也 舉 了 很多 的 例子 ， 那麼 我 看 了 這些 指控 ， 有些 是 捕風捉影 、 根本 是 沒有 根據 的 指控 ， 那麼 有些 是 國民黨 刻意 把 個案 政治化 。 
 那麼 關於 最近 的 監察 委員 調查 司法 案件 的 這 個 議題 ， 其實 長期 以來 監察院 跟 司法院 一直 都 有 存在 這樣 的 爭議 ， 不論 是 誰 執政 ， 或者 監察 委員 是 誰 提名 ， 都 有 這樣 問題 的 存在 。 法官 獨立 行使 審判權 ， 監察 委員 獨立 行使 他們 的 調查 跟 監察權 ， 都 是 憲法 保障 跟 規範 的 事項 。 
 那 我 認為 兩 院 之間 應該 是 聽取 社會 的 意見 ， 謹慎 的 去 處理 爭議 ， 彼此 協調 ， 如果 能夠 畫出 一 條 線 ， 讓 法官 跟 監察 委員 都 能夠 獨立 地 行使 各自 憲法 的 職權 ， 這 才 是 我們 在 民主 社會 裡面 一 個 憲政 體制 應該 要 走 的 路 ， 這 件 事情 我們 不 需要 把 它 政治化 。 
 但是 在 今天 我 要 講 一 個 真實 的 案例 ， 就 是 黃世銘 案 。 
 一 個 領導 特偵組 的 檢察 總長 ， 由 特偵組 的 另外 一 位 檢察官 開車 帶 著 監聽 的 立委 進入 了 總統 官邸 ， 向 馬 總統 報告 偵查 中 的 案件 ， 然後 總統 再 將 這些 內容 洩漏給 行政院長 ， 並且 藉由 司法 個案 的 內容 ， 發動 了 對 國會 議長 的 鬥爭 。
 這 個 案子 的 劇情 讓 很多 人 印象 深刻 ， 真的 讓 人 怵目驚心 ， 社會 也 因為 這 個 案子 也 才 知道 ， 原來 特偵組 不但 監聽 國會 ， 甚至 還 監聽 自己 的 檢察官 同仁 ， 這 個 目的 只 有 一 個 ， 就 是 要 把 王金平 院長 拉下來 。 什麼 叫 東廠 ？ 這 個 就 是 東廠 。
 這 個 案子 到 了 最後 ， 就 是 馬 總統 提名 的 監察 總長 黃世銘 ， 在 任期 結束 之前 辭職 下台 ， 後來 被 法院 判刑 一 年 三 個 月 ， 這 是 多麼 嚴重 的 事情 ， 
 所以 真正 會 干預 司法 的 是 國民黨 ， 黃世銘案 就 是 鐵證 ， 而且 是 法院 認證 。 
 檢察 總長 領導 特偵組 ， 而 特偵組 被 國民黨 當作 政爭 的 工具 ， 這 就 是 後來 為什麼 特偵組 被 廢掉 了 。
 而 韓 市長 居然 還 說 他 上任 以後 要 重新 成立 特偵組 ， 還 說 這 是 檢調 的 建議 ， 真是 讓 人 無法 相信 。
 每 一 個 檢察官 本來 就 有 偵查 犯罪 的 職責 ， 難道 除了 特偵組 的 少數 人 之外 ， 其他 的 檢察官 沒有 在 做 事 嗎 ？ 都 不 查 弊案 了 嗎 ？
 當然 都 不 是 。 這樣 的 說法 是 污辱 了 全 國 認真 的 檢察官 。 
 韓 市長 不斷 地 指控 蔡 政府 貪汙 ， 但 說 了 半 天 ， 一 個 實際 的 案例 都 沒有 ， 全 是 憑空 猜測 ， 甚至 把 慶富案 都 算進來 了 。
 我 要 提醒 ， 慶富案 是 馬 政府 時代 的 事情 ， 蔡 政府 是 在 善後 ， 不 是 嗎 ？ 
 真的 要 講 貪汙 ， 大家 更 記得 ， 國民黨 執政 的 時候 ， 前 行政院 秘書長 林益世 、 前 南投縣 縣長 李朝清 、 前 新北市 副市長 許志堅 、 還 有 前 營建署 署長 葉世文 ， 韓 市長 你 還 有 一 個 政壇 大哥 ， 當初 把 你 引進 北農 做 總經理 ， 後來 因為 焚化爐 的 弊案 收賄 三千萬 ， 被 判刑 八 年 ， 現在 正在 服刑 。 
 我 記得 上 次 政見會 ， 韓 市長 說 將來 如果 貪汙 就 要 把 你 關 起來 、 不要 假釋 、 一 天 只 吃 一 頓 飯 ， 韓 市長 ， 你 這 番 話 要不要 講給 你 的 政壇 的 大哥 聽聽 ？ 
 我 認為 做 一 個 總統 要 讓 司法 公正 ， 就 要 從 自己 做 起 。 
 我 任內 也 提名 了 現任 的 檢察 總長 ， 但是 我 只有 在 提名 之前 請 他 來 見面 ， 確認 他 是 合適 的 人選 ， 我 提名 他 之後 ， 到 國會 通過 之後 ， 我 從來 沒有 找 他 來 見面 ， 他 也 沒有 來 找 過 我 ， 我們 沒有 私下 見面 ， 更 不要 說 總統 介入 個案 。 
 一 個 總統 談 司法 改革 也 不 是 用 韓 市長 這 種 斬 雞頭 發誓 的 方式 ， 這 只 是 證明 你 把 司法 的 議題 當作 選舉 的 工具 而已 ， 總統 更 應該 從 制度面 來 改善 司法 的 功能 與 公信力 。
 這 三 年 來 ， 我 在 司法 改革 的 工作 上 投入 很 大 的 心力 ， 我 知道 人民 對 司法 改革 的 期待 很 高 ， 也 因為 期待 高所以 標準 也 很 高 ， 一定 有 不滿 的 聲音 ， 但 司法 制度 的 問題 是 長年 累積下來 的 ， 不 是 一朝一夕 可以 改變 ， 所以 司改 不 是 把 它 打掉 重練 ， 而是 全面 地 調理 它 的 體質 。 這 一 項 是 一 個 龐大 的 工程 ， 需要 總統 來 領導 展現 決心 ， 才 能 促成 各界 的 參與 跟 政府 部門 的 合作 。
 那麼 於是 我們 召開 了 司法 改革 國是 會議 ， 依照 這 個 會議 的 共識 ， 我們 積極 推動 立法 跟 制度 的 改革 ， 光 是 在 立法院 通過 的 法律 就 多達 51 項 ， 我們 每 半 年 也 向 社會 提出 一 次 進度 報告 ， 司法 改革 沒有 特效藥 ， 我們 就 是 要 紮紮實實 地 去 做 基本功 ， 一 步 一 腳印 去 改善 司法 的 體質 。 
 我們 具體 的 成效 是 什麼 ？ 首先 ， 我們 強化 了 對 被 害 者 跟 弱勢 的 民眾 的 保護 ， 我們 讓 被 害 者 可以 參與 訴訟 ， 讓 他們 的 聲音 可以 在 審判 中 被 聽到 。 我們 也 要求 各 級 的 法院 設立 勞動 專業 法庭 ， 減少 勞工 的 訴訟 障礙 。 
 第二 ， 對於 不 適任 的 司法 人員 ， 我們 建立 了 更 有效 的 監督 淘汰 的 機制 ， 這 是 很多 民眾 非常 在意 的 事情 ， 透過 好幾 項 法律 的 修正 ， 未來 法官 、 檢察官 的 評鑑 ， 會 有 更多 外部 的 公正 人士 的 參與 。
 第三 ， 我們 建立 了 勿枉勿縱 的 司法 制度 ， 我們 強化 了 冤 、 錯 、 假案 的 再 審 機會 ， 也 強化 了 犯罪 者 的 防逃 機制 ， 我們 更 透過 修改 相關 的 制度 ， 加強 落實 偵查 不 公開 的 原則 。
 第四 ， 我們 建立 了 專業 可信 的 審判 制度 ， 經歷 建立 的 大法庭 制度 將 會 統一 見解 ， 減少 審判 標準 不一 的 爭議 ， 這 是 在 過去 引起 很多 政治 爭議 的 事情 ， 這 將 是 有效 地 提高 我們 司法 的 公信力 。
 這些 司法 改革 的 成果 ， 每 一 步 踏出 都 很 辛苦 ， 我 知道 還 不 夠 ， 人民 希望 我 能 做 更多 。 我們 未來 四 年 最 大 的 重點 就 是 國民 參與 刑事 審判 法 ， 也 就是 國民 法官 ， 讓 我們 的 公民 可以 參與 司法 的 審判 。 
 那麼 這 項 草案 已經 送去 立法院 ， 可惜 在 這 一 屆 國會 沒有 辦法 來得及 通過 ， 未來 的 四 年 讓 人民 參與 審判 的 機制 上路 ， 讓 司法 的 審判 更加 地 公開 透明 ， 不會 偏離 社會 的 情感 。
 這 是 一 個 更 大 的 工程 ， 我們 必須 投入 更多 的 人力 ， 也 要 推動 社會 法制 教育 ， 不僅 審判 的 過程 要 有 人民 的 參與 ， 全民 的 司法 的 素養 也 會 提昇 ， 台灣 的 司法 會 脫胎換骨 ， 也 會 回歸 變成 是 人民 的 司法 。 
 在 這裡 我 要 再 重新 講 一 遍 ， 很多 的 韓國瑜 市長 的 指控 ， 確實 是 捕風捉影 ， 沒有 根據 ， 那麼 我們 也 在 很多 不同 的 情況 下 都 解釋 了 ， 但是 在 這 一 段 時間 ， 這 兩 次 的 政見會 ， 我 發現 韓 市長 只是 忙著 講 他 自己 的 ， 別人 說 的 、 別人 講 的 、 別人 澄清 的 ， 好像 都 沒有 影響 他 的 看法 ， 我 不 曉得 這 個 是 故意 的 呢 ？ 還是 不 是 故意 的 ？ 但是 一 個 領導人 如果 不能 反省 的話 ， 這 將 是 一 個 最 致命 的 錯誤 。"
3,韓國瑜,"謝謝 蔡 總統 ， 謝謝 宋 主席 。 聽完 蔡英文 總統 對 我 的 指責 ， 我 覺得 我 好像 小時候 小學生 犯錯 了 一樣 ， 老師 要 我 寫 100 遍 「 我 以後 再 也 不 跟 同學 吵架 」 ， 好像 蔡英文 總統 要求 之下 我 必須 要 寫 100 遍 「 我 不能 再 誣賴 民進黨 、 我 不能 再 誣賴 民進黨 」 ， 要 寫 100 次 。 
 蔡英文 總統 ， 在 罷韓 大 遊行 ， 用 了 一 塊 台灣 民主史 上 從來 沒有 發生 過 的 這麼 大 的 一 塊 遮羞布 ， 兩百多 公尺 ， 掩蓋 了 人數 灌水 ， 掩蓋 了 一 大 堆 不 是 高雄人 來 罷免 高雄 市長 ， 剛剛 你 用 一 小 塊 遮羞布 ， 舉 了 國民黨 幾 個 貪污 的 案子 ， 代表 妳 民進黨 清白 ， 何苦 如此 ？ 因為 妳 沒有 辦法 面對 問題 ， 我們 講 的 是 普世 價值 。 
 特偵組 是 做 什麼 ？ 針對 立法委員部長 院長 副院長 總統 副總統 貪汙 ， 重大 貪污 ， 查辦 ， 我們 講 的 是 普世 價值 ， 你 為什麼 把 它 扭曲成 政黨 之 爭 ， 舉 了 幾 個 國民黨 例子 就 把 他 呼攏 過去 ， 為何 妳 每 次 在 構思 一 個 思維 的 時候 、 論述 一 個 重心 的 時候 ， 時常 自己 閃避到 一 個 政黨 之間 ， 這樣子 的 一 個 情境 裡面 ？ 妳 沒有 辦法 面對 全面性 。 
 如果 以 民進黨 角度 ， 妳 這樣 做 是 對 的 ， 以 全 台灣 人民 角度 ， 妳 這樣 做 是 大錯特錯 ， 妳 還是 泥 於 政黨 之間 的 攻防 ， 有 問題 往 上 推 ， 推給 前 朝 馬英九 ， 有 問題 往 下 推 ， 國民黨 縣市長 不 配合 ， 有 問題 往 左 推 ， 中國 大陸 抵制 ， 有 問題 往 右 推 ， 就是 因為 國民黨 怎麼樣 怎麼樣 ， 上 推下 推 左 推 右 推 ， 妳 從來 沒有 面對 問題 ， 妳 自己 的 領導 是 不 是 出 了 問題 ？ 這 是 多麽 地 可怕 。 
 很多 人 打敗仗 ， 自殺 ， 有的 人 打敗仗 ， 喝 酒 ， 有的 人 打敗仗 ， 懷憂 喪志 ， 有的 人 打敗仗 ， 每 天 早上 含 一 顆 豬膽 ， 代表 永遠 記取 這 個 教訓 ， 這 個 人 叫 勾踐 。
 韓國瑜 貪汙 ， 拜託 全 國 典獄長 一 天 給 我 一 頓 飯 ， 是 我 自己 的 要求 ， 也 拜託 各位 典獄長 ， 我 貪污 被 抓去 關 也 給 我 一 顆 豬膽 ， 我 每 天 早上 要 嘗 一下 那 個 豬膽 ， 我 怎麼 能夠 貪汙 ？ 我們 要求 的 是 一 個 普世 價值 ， 妳 又 把 他 進到 一 個 小 巷子 裡 ， 這 種 格局 ， 這 種 心胸 ， 看 不 到 問題 的 全貌 。 
 我 這邊 舉 一 個 民進黨 在 高雄 執政 ， 我 就 講 一 個 數字 給 妳 聽 ， 這 個 一 、 二十 年 民進黨 執政 貪污案 85 案 ， 涉案 人數 147 人 ， 偽造 文書 詐欺 侵佔 30 個 案子 ， 58 人 涉案 ， 這 就 是 民進黨 執政 。 為什麼 高雄人 今天 過 得 這麼 辛苦 、 這麼 可憐 、 全 國 負債 最 高 ？ 平整 的 路 下 一 場 雨 會 有 五千 個 洞 ？ 妳 說 給 誰 會 相信 ？ 說給 鬼 、 鬼 也 不 相信 ， 太多 問題 了 ， 身為 總統 要 面對 這些 問題 ， 我 再三 講 ， 劊子手 出身 你 要 看 人 的 脖子 ， 修 皮鞋 出身 看 人 的 腳 ， 當 總統 一定 要 看 人民 過 得 好 還是 不 好 ， 一定 要 暸解 人民 苦 還是 不 苦 。 
 莫 忘 世上 苦人 多 ， 結果 妳 用 政黨 這些 來 閃躲 這些 問題 ， 我 非常 遺憾 。 
 未來 ， 我 最 擔心 的 是 教育 ， 以及 下 一 代 的 青年 。 全 國 各 位 台灣 同胞 ， 在 教育 這 塊 ， 我 敘述 我 有 幾 個 我們 要 做 的 事情 。 
 第一 ， 我 堅持 大學 自主 ， 這 個 無庸置疑 。 
 第二 ， 我們 絕對 不 干涉 大學 校長 任命 。 
 第三 ， 我 會 堅持 把 教育 自主權 還給 學校 。 
 第四 ， 讓 每 一 個 大學 充分 享有 人事 、 經費 、 跟 學術 自由 。 
 第五 ， 會 鬆綁 各 私立 大學 這些 規定 ， 讓 各 私校 發展 自己 特色 。 
 這些 ， 我們 寧願 把 錢 花 在 教育 ， 也 不要 把 錢 花 在 監獄 。 所以 在 教育 這 塊 ， 一定 會 非常 非常 重視 。 
 再 來 ， 人生 不滿 百 ， 常 懷 千 歲 憂 ， 人 要 活 到 一百 年 很 難 ， 但 我們 心 中 憂慮 長達 百 年 千 年 。 
 我 現在 對 台灣 下 一 代 我 充滿 憂慮 ， 我 為什麼 覺得 世界 開始 忘記 台灣 、 台灣 開始 忘記 世界 ？ 
 台灣 土地 只 佔 全 世界 萬分之三 ， 兩千三百萬 人口 佔 全 世界 千分之三 ， 台灣 的 工業 產品 佔 全 世界 百分之三 ， 沒有 人才 我們 就 沒有 一切 ， 所以 我 非常 著急 ， 就 是 趕快 把 下 一 代 的 孩子 ， 培養出來 ， 比 我們 更 強大 、 比 我們 更 有 競爭力 。 
 各位 台灣 同胞 、 各位 青年 朋友 ， 在 蔣經國 總統 的 時候 開展 十 大 建設 ， 國家 並 不 是 很 有錢 ， 受到 很多 的 嘲諷 跟 譏笑 ， 蓋 高速 公路 ， 大家 罵 他 「 有錢人 開 的 」 ， 最後 證明 一 條 高速 公路 根本 就 不 夠 ， 要 蓋 兩 條 。
十 大 建設 建完 ， 如果 韓國瑜 當 總統 ， 我 會 啟動 有史以來 台灣 最 大 的 人才 建設 行動 ， 我們 可以 先 叫 他 「 滿天星 計畫 」 ， 或者 「 大 光明 計畫 」 。
 這 個 計畫 是 什麼 計畫 呢 ？ 我 要 有 計畫 地 推動 台灣 所有 年輕人 跟 國際 接軌 ， 我們 四面 環海 ， 土地 這麼 小 ， 沒有 任何 資源 ， 我們 再 沒有 人才 就 完蛋 了 。 
 所以 未來 韓國瑜 當 總統 ， 所有 台灣 大學生 、 碩士班 博士班 的 學生 ， 你 只要 申請到 國外 的 大學 不要 怕 ， 沒有 錢 不要 怕 ， 政府 幫 你 把 錢 找出來 ， 你 要 出國 進修 一 年 、 你 自己 申請 學校 ， 申請到 、 政府 就 撥 錢 給 你 ， 我 預估 大概 在 一百萬 台幣 左右 ， 我 預估 這 個 計畫 一 年 大概 花 四百億 左右 ， 我 也 預估 會 有 很多 企業 、 善心 人士 來 支持 我們 這 個 計畫 ， 因為 他 看到 整 個 台灣 在 欣欣向榮 、 在 培養 人才 ， 他 會 捐款 ， 所以 估計 四百億 。 
 這些 孩子 回來 之後 一 年 ， 他們 會 學到 幾 樣 基本 的 本領 ， 第一 ， 語言 能力 大幅 增加 ， 第二 ， 解決 困難 問題 大幅 增加 ， 第三 ， 交朋友 ， 跟 世界 各 國 交朋友 的 能力 ， 大幅 增加 ， 第四 個 ， 最 重要 的 兩 個 字 ， 勇敢 。 當 他 出國 一 年 當 交換 生 回來 ， 他 面對到 一切 困難 自己 解決 ， 他 越來越 勇敢 。 我們 下 一 代 的 孩子 一定 要 做 交換生 一 年 。 
 第三 ， 全 國 軍公教 警消 ， 不要 警校 軍校 一 畢業 就 待在 台灣 ， 台 澎 金馬 轉來轉去 ， 不 知道 這 個 世界 怎麼樣 。 45 歲 以下 的 軍公教 警消 ， 你 去 申請 學校 ， 我們 每 一 年 送 1% 出去 ， 3500 位 ， 如果 這 個 計畫 空前 成功 ， 我們 會 放大 ， 送 2% 出去 ， 我們 不能 讓 一 個 公務員 一 畢業 考上 高普考 就 一輩子 沒有 離開 台灣 ， 也 不能 讓 警察 、 職業 軍官 士官 完全 不 知道 這 個 世界 ， 這 個 是 非常 危險 的 。 我們 預計 花 10 年 左右 的 時間 ， 厚植 台灣 的 競爭力 ， 讓 所有 軍公教 警消 ， 讓 所有 台灣 大學生 都 能夠 快速 跟 國際 接軌 。 
 親愛 的 台灣 同胞 ， 我們 再 不 做 ， 將來 一定 會 後悔 ， 如果 韓國瑜 當 總統 ， 明年 開始 ， 全 台灣 所有 小學 一年級 ， 六 歲 的 孩子 ， 必須 要 接受 中英文 雙語 教育 ， 一定 要 做 ， 政府 要 用 一切 的 力量 找 最 好 的 老師 ， 外國 老師 ， 編 教材 ， 請 外國 老師 來 台灣 ， 我們 教導 我們 下 一 代 的 孩子 中英文 雙語 ， 母語 ， 在 家 裡 學 ， 學校 可以 辦 演講 、 辦 辯論 、 辦 各 種 活動 ， 歡迎 你 來 講 閩南語 、 客家話 、 越南話 ， 都 歡迎 ， 發 獎金 ， 但是 學校 正規 課程 必須 實施 中英文 雙語 教育 。 
 親愛 的 台灣 同胞 ， 我 心 裡面 的 憂慮 空前 空前 地 巨大 ， 我 知道 我們 台灣 的 競爭力 一直 一直 地 在 下滑 ， 如果 未來 的 青年人 有出息 ， 台灣 就 會 有出息 ， 未來 青年人 有 競爭力 ， 台灣 就 會 有 競爭力 。 
40多 年 前 ， 新加坡 總理 李光耀 先生 在 新加坡 推動 中英文 雙語 教育 ， 備受 壓力 ， 海南島 的 說 海南話 、 潮州 汕頭 說 潮汕話 、 廣東人 說 廣東話 、 閩南人 說 閩南話 ， 大家 都 反對 、 說 你 要 消滅 母語 ， 李光耀 先生 堅持 做下去 ， 今天 的 新加坡 是 全 世界 沒有 一 個 國家 敢 小看 ， 因為 他 推動 了 中英文 雙語 教育 厚植 了 新加坡 實力 。 
 親愛 的 台灣 同胞 ， 我們 必須 要 做 ， 我們 花 這 個 錢 培養 我們 下 一 代 是 我們 這 一 代 人 的 責任 。 
 我 再 說 一 遍 ， 只要 政府 不 貪汙 、 只要 政府 不 亂 搞 、 只要 政府 不 亂 投資 ， 台灣 的 錢 一定 夠 用 。 讓 錢 去 貪汙 、 讓 錢 去 亂 搞 ， 為什麼 不 培養 我們 下 一 代 ？ 
 人生 不滿 百 ， 常 懷 千 歲 憂 。 親愛的 台灣 同胞 ， 我們 一起 來 努力 ， 大力 支持 我們 下 一 代 的 培養 ， 讓 下 一 代 的 孩子 比 我們 這 一 代 更 強大 、 更 有 國際觀 、 更 能夠 翱翔 四海 ， 而且 ， 心 中 充滿 著 勇敢 ， 這 是 我們 這 一 代 人 的 責任 ， 謝謝 大家 。"
3,宋楚瑜,"主持人 、 監察人 、 兩 位 候選人 ， 剛剛 聽 了 他們 兩 位 所 做 的 一些 表述 ， 他們 兩 位 講 得 都 非常 實在 ， 國民黨 貪汙 ， 很多 這些 案例 ， 蔡 總統 提出來 ， 民進黨 這些 貪腐 的 情況 ， 韓 市長 也 提出來 。 
 台灣 的 鄉親 啊 ， 你 還 相信 藍綠 他們 都 還是 執政 ， 坦白 講 ， 攏嘛 是 共款 、 一樣 的 ， 掌握 了 權力 就 在 分配 資源 ， 然後 ， 大家 就 忘 了 對 人民 的 責任 。
 更 重要 的 ， 他們 兩 位 剛剛 都 提到 了 ， 要 司法 、 要 公正 、 要 獨立 ， 我們 做 的 各 種 民調 都 證明 人民 對於 司法 的 公信力 ， 60% - 70% 的 人 都 不 相信 。 蔡 總統 剛剛 提到 了 很多 要 改革 的 計畫 ， 坦白 講 ， 選舉 的 時候 有 一 個 很 有意思 的 名詞 叫做 「 難兄難弟 」 ， 國民黨 和 民進黨 你們 就 是 難兄難弟 ， 你們 這些 貪腐 和 司法 不 公正 的 難兄難弟 為難 了 台灣 很多 無辜 的 兄弟 。
 我們 對 這些 司法 公正 的 事情 ， 確實 要 下定決心 ， 好好 地 還給 人民 ， 相信 政府 ， 因為 那 是 我們 真正 民主 最後 一 道 最 重要 的 防線 ， 宋楚瑜 會 好好 重視 。 
 台灣 所 面臨 的 剛剛 講 的 六 個 大 的 危機 ， 正 形成 極端 的 氣候 變化 變遷 也好 ， 極端 的 人口 結構 變遷 改變 也好 ， 極端 的 產業 變化 也好 ， 極端 的 國際 組織 重組 也好 ， 極端 的 貧富 差距 也好 ， 極端 的 世代 對立 也好 ， 各位 一定 會 發現 ， 這 六 大 危機 都 擁有 一 個 共通點 ， 就 是 「 極端 」 。 
楚瑜 曾經 提到 要 「 撥亂 反正 」 ， 中華民國 到底 亂 在 哪裡 ， 亂 的 重點 ， 就 是 大家 相互 拉扯 。 
坦白 講 ， 民進黨 執政 指責 國民黨 ， 國民黨 執政 指責 民進黨 ， 但 讓 人民 真正 最 有 感觸 的 卻 是 世代 對立 和 貧富 的 懸殊 ， 這 個 跟 台灣 藍綠 的 對決 、 對立 非常 神似 ， 極端 總是 呼喚 另外 一 個 極端 ， 當 民進黨 變成 極端 的 時候 ， 國民黨 往往 也 跟 著 後面 變 得 也 極端 、 也 激進 ， 藍 綠 兩 黨 拼命 往 極端 前進 的 時候 ， 中間 也 就是 所謂 「 中道 的 力量 」 就 被 突顯出來 ， 這 就 是 讓 大家 期待 有 另外 一 個 好 的 選擇 。 
 有 些 人 認為 宋楚瑜 是 一 個 很 無趣 的 人 ， 我 一 輩子 不 抽煙 、 不 喝 酒 ， 甚至於 連 咖啡 都 不 喝 ， 我 只 愛 讀書 、 看 連續劇 、 寫 書法 ， 喜歡 旅遊 、 交朋友 ， 我 不 做 省長 已經 21 年 了 ， 但 我 一直 在 思考 中華民國 大大小小 的 問題 的 解決 方法 ， 我 同時 無時無刻 不 想 處理好 兩岸 關係 ， 讓 兩岸 永保 和平 ， 讓 台灣人 安心 。 
 政策 跟 執行 的 方法 始終 是 我 的 興趣 ， 這 次 總統 大選 勞工 團體 給 了 我們 三 位 候選人 每 一 個 人 一 個 稱號 ， 蔡 總統 的 稱號 是 「 只 賣 芒果乾 」 ， 韓 市長 是 「 只 開 芭樂票 」 ， 而 我 是 「 活 在 舊 時代 」 ， 為了 這 個 ， 我 這 次 特別 花 10 秒鐘 的 時間 來 提 一 提 ， 那 個 宋神掌 那 個 省長 當年 最 重要 的 三 大 勇。
 宋楚瑜 參選 省長 的 政見 兌現率 89.7% ， 施政 滿意度 90% ， 對 省民 承諾 的 事情 達成率 83% ， 那 就 是 「 說到 要 做到 」 。
 剛剛 所 提到 的 他們 兩 位 的 許多 政見 ， 大家 都 想 ， 到底 他們 說到 能不能 做到 ？ 我 承認 我 的確 是 來自於 舊 時代 ， 但 我 卻 擁有 舊 時代 的 堅持 跟 認真 。 
 我 期盼 各位 選民 在 2020年 、 明年 1/11 能夠 真正 擺脫 藍綠 ， 能夠 讓 你們 不再 被 情緒 再 勒索 ， 你 真的 不用 擔心 國民黨 跟 民進黨 、 任何 哪 一 個 黨 他們 在 選舉 之後 會 消失 ， 他們 還是 大 黨 ， 還是 會 針鋒相對 ， 你 更 不會 擔心 也 不用 擔心 ， 台灣 不會 因為 蔡 總統 沒有 連任 會 消失 ， 中華民國 也 不會 因為 韓 市長 沒 選上 而 被 消滅 。 
 20 年 來 ， 我們 已經 三 次 政黨 輪替 ， 台灣 既 沒有 消失 ， 中華民國 也 沒有 不見 ， 或者 您 會 擔心 ， 把 票 投給 宋楚瑜 會不會 浪費 ？ 放心 ， 絕對 不會 ， 因為 你 這 張 票 可以 代表 的 是 您 的 心 可以 完全 自主 ， 不 受 藍綠 的 左右 ， 因為 您 才 是 台灣 的 主人 ， 您 不會 被 人 取笑為 芒果 、 「 哩甘 吶 芭樂 」 。 
 投給 宋楚瑜 ， 你 就 是 一 個 擁有 自由 民主 DNA 、 被 人家 稱羨 的 Top 好 公民 。 
 我 一直 努力 希望 自己 能夠 具備 一 個 當 總統 的 思維 、 儀態 跟 高度 ， 雖然 我 始終 沒有 如願 ， 但是 是 禍 不 是 福 ， 老天爺 對 我 很 好 ， 就是 天道 酬勤 ， 他 給 我 一 個 擁有 好 身體 、 好 腦筋 還 有 好 記憶力 。 
 各位 鄉親 ， 台灣 需要 的 不 是 發現 問題 的 人 、 也 不 是 解釋 問題 的 人 、 也 不 是 開 支票 的 人 ， 台灣 需要 的 是 解決 問題 的 人 。 
 每 一 次 到 了 選舉 ， 蔡 政府 完全 不 一樣 ， 套 一 句 我們 呂秀蓮 副總統 講 的 話 ， 蔡 政府 到 了 選舉 就 變成 聖誕老人 每 天 開 支票 ， 反正 開 支票 大家 已經 習慣 了 ， 剛好 今天 也 是 聖誕節 ， 聖誕老人 就 在 我 旁邊 。 
 不要 忘 了 ， 競選 支票 都 是 要 當選 之後 才 會 有 ， 沒 當選 就 四 大 皆 空 ， 就算 是 大家 讓 蔡 總統 當選 ， 但是 連任 、 甚至 全面 執政 都 沒有用 ， 因為 連任 之後 就 會 說 財政 困難 ， 中央 到 地方 負債累累 ， 你 想 當初 年金 改革 的 時候 當 軍公教 不 是 要求 政府 維持 過去 的 承諾 、 政府 只 說 請 大家 共體時艱 、 國家 財政 要 破產 了 ， 但是 到 了 選舉 的 時候 高鐵 要 南 移 加碼 ， 農保 、 離岸 風電 的 問題 還 沒有 搞定 現在 又 要 提出 要 發展 太空 產業 ， 難道 蔡 總統 妳 是 想 跟 韓 市長 一樣 征服 宇宙 來 比 一 個 高下 嗎 ？ 
 蔡 總統 妳 帶領 的 執政 團隊 完全 沒有 看到 目前 我們 的 危機 ， 那 就 是 我們 必須 要 善用 我們 有限 的 資源 ， 而 不能 大灑錢 、 亂開 支票 。 過去 半 年 來 大家 都 在 開 支票 ， 但是 民進黨 有沒有 告訴 大家 這 個 錢 到底 是 誰 要 來 出 ？ 難怪 有 部 電影 叫做 「 返校 」 ， 他 經典 的 台詞 說 「 你 是 忘記 了 還是 害怕 想起來 ？ 」 
 蔡 總統 妳 喊 著 要 「 守護 主權 」 ， 韓 市長 你 喊 「 中華民國 萬歲 」 ， 光 喊 口號 問題 就 能 解決 了 嗎 ？ 光 喊 口號 就 能 治國 、 就 能 平息 臺海 的 風暴 嗎 ？ 台灣 的 主權 喊 口號 就 能 守 得 住 嗎 ？ 中華民國 就 能 萬歲 嗎 ？ To be serious ， 台灣 的 領導人 要 有 策略 要 有 方法 要 有 執行力 ， 要 說到 做到 ， 這樣 我們 才 能 守護 台灣 的 民主 ， 守護 中華民國 的 主權 。 
坦白 地 說 ， 宋楚瑜 並 不 在意 他 自己 有沒有 被 邊緣化 ， 我 在意 的 是 台灣 的 人民 跟 人心 ， 他們 絕對 不應該 被 邊緣化 。 
 20 年 來 台灣 一直 就 被 藍綠 在 那邊 撕裂 ， 不 要 5 分鐘 ， 每 一 個 台灣 的 鄉親 都 會 找到 朋友 、 同鄉 、 同學 、 同事 ， 但是 這 20 年 來 ， 台灣 給 了 國民黨 8 年 的 完全 執政 ， 也 給 過 民進黨 12 年 的 機會 ， 但是 完全 的 執政 完全 不 負責任 。 所以 ， 我 再 說 一 遍 ， 給 我 4 年 ， 給 大家 未來 光明 的 前途 ， 謝謝 大家 。"
